{"../hestia/archive.php":"7e78defdfedfaddb18473a69beddede6","../hestia/attachment.php":"55d9753a5294eaea0e048c1aa49e6459","../hestia/comments.php":"3c3f0fa59e6333dd5efcbfdb6227a89d","../hestia/footer.php":"e9fb477c62d82f8057e2824f48d8f906","../hestia/front-page.php":"91f00acb8c621da7091644b398689576","../hestia/functions.php":"e91eab88755f20297731f21b5b56f1d9","../hestia/header.php":"a99d0da40a0c3bf16908f6609318f136","../hestia/index.php":"ea11fa98d9f8cbca27ca4a65b37293de","../hestia/page.php":"4db523c06286fc2515ea526388b82b89","../hestia/search.php":"4b7fa7a2c3a8681b99517b6076b329f3","../hestia/sidebar-woocommerce.php":"39dea8c8ef59dfb4b97e3a8eecbba4dc","../hestia/sidebar.php":"825c538768ee182d8bd814800285f435","../hestia/single-jetpack-portfolio.php":"878ce57be8e2d8f65ed8fcea4447d020","../hestia/single.php":"ef1cbb4b610c48a70e592039aa888b5a","../hestia/editor-style.css":"b6c351f079d4c3e685e26533213ca914","../hestia/editor-style.min.css":"df5a72b590a4e42b0fdedbc1ae69f8aa","../hestia/style-rtl.css":"115c821d0124d551a117b18d5733be56","../hestia/style-rtl.min.css":"696eb48520de8ba9e7cc708ed43d17bd","../hestia/style.css":"bc0e20084d8d8be118090dff34beead0","../hestia/style.min.css":"cf2c370bec0f514751b685c978a1dea3"}